path,bytes,sha256
example/biology/Book 1/1-1多采多姿的生命/中等/d1-2m-解析卷簡.docx,24314,990f4752370f6d7788eff03d52747bdd3d2d433b69cad9523d24f1368de7fbe1
example/biology/Book 1/1-1多采多姿的生命/中等/d1-2m-題目卷.docx,74271,1688ccb10133b8743e5f71bfaf1e906c4722da5f0daf8e16b4ad604e1a6aedb5
example/biology/Book 1/1-1多采多姿的生命/困難/d1-1h-解析卷簡.docx,18181,424303579d28f6539d518684652bb6dcab81e1787cae4da36b10f8721afe91ce
example/biology/Book 1/1-1多采多姿的生命/困難/d1-1h-題目卷.docx,18897,5f97a5fe2826fd3af976562286704f649da75b4713bf47749e0d9398db2afe86
example/biology/Book 1/1-1多采多姿的生命/簡單/d1-1e-解析卷簡.docx,21995,afb58f582554c8abee86a5196c4b6be9986676d644cc84e40ce08e93b24eb01c
example/biology/Book 1/1-1多采多姿的生命/簡單/d1-1e-題目卷.docx,59693,d228673aecfcefed15ef451900f9dcdacf4b5bfa33c6df29cae591017bb7a8d0
example/biology/Book 1/1-2探究自然科學的方法/中等/d1-2m-解析卷簡.docx,49077,88a44554375059f8670f214bd83f382c6a8897e43bb5f326a39380355738d82e
example/biology/Book 1/1-2探究自然科學的方法/中等/d1-2m-題目卷.docx,613894,1a236b71c873de077dae7336aa1976734fcc09a90e6e90742b58252a8a432fcc
example/biology/Book 1/1-2探究自然科學的方法/困難/d1-2h-解析卷簡.docx,18097,9ca1f5357d27643d90b9e93cd921b0ad26e6cb768a5322143efc0499040867c1
example/biology/Book 1/1-2探究自然科學的方法/困難/d1-2h-題目卷.docx,40984,43a508813a2653e87edba799f687fb60e8108cef44239641ffc90f12fb8a41ed
example/biology/Book 1/1-2探究自然科學的方法/簡單/d1-2e-解析卷簡.docx,25059,e34093a82a0e2c44c5b31a8fb676a581157678329b4864ae97d90770c2f3c39c
example/biology/Book 1/1-2探究自然科學的方法/簡單/d1-2e-題目卷.docx,153387,1e834c5a4af6fedb3cceb791f46d69572675781339f3e18f8a73d1099320b149
example/biology/Book 1/1-3進入實驗室/中等/d1-3m-解析卷簡.docx,76313,948026cae2d2340ee3af3bf1c9bb288bc0fb4be4cff0a142d8bda28c4b47c81e
example/biology/Book 1/1-3進入實驗室/中等/d1-3m-題目卷.docx,2602841,7f943ba78649611ea5875a86daa3324cecba18ce02a810d2a3ad8f2a96814317
example/biology/Book 1/1-3進入實驗室/困難/d1-3h-解析卷簡.docx,22984,dcb359e2f6f52f0b65897ce618864b9f5885fcc0965757d0f04b1580b0bbec66
example/biology/Book 1/1-3進入實驗室/困難/d1-3h-題目卷.docx,317221,aee43167e53b22a03c062931ba0b1b175b01e7c0c15cd9c55464690b4b8ec663
example/biology/Book 1/1-3進入實驗室/簡單/d1-3e-解析卷簡.docx,28601,fd58e660d4fa66044a197300e00924416e46f9a5b9419bc5074f42461efc8a25
example/biology/Book 1/1-3進入實驗室/簡單/d1-3e-題目卷.docx,435236,d34f52f949e55e014efb00b6821baf06ae160097f56ffe96f8a2e517e5d2e2f3
example/biology/Book 1/2-1生物體的基本單位/中等/d2-1m-解析卷簡.docx,26734,5baac4f48248851806808ec47563cb02b5b338e7dec5d02fc278af0dcbf9404d
example/biology/Book 1/2-1生物體的基本單位/中等/d2-1m-題目卷.docx,400417,35c14d2a7b02c4c6d435165469555cb979a5360a860d19a792fbe594dcd14404
example/biology/Book 1/2-1生物體的基本單位/困難/d2-1h-解析卷簡.docx,17605,5489ab67d0ea682927fd4fc005254b8519c4c4b1e90db6a0e5d313fecf4c2825
example/biology/Book 1/2-1生物體的基本單位/困難/d2-1h-題目卷.docx,19908,83de53ab680b7eb673b9568beb63d6dab3954ef84757a0c4e9fd0888ac9fa7e7
example/biology/Book 1/2-1生物體的基本單位/簡單/d2-1e-解析卷簡.docx,21398,2c3d783a4218a84e5128ae9bfb97e7ef9ea1f6fc973cd6e36bf93d52324b84c5
example/biology/Book 1/2-1生物體的基本單位/簡單/d2-1e-題目卷.docx,597709,f2277a7e6e62baa82db10d90a6010d26f8b7c6c6d56a368f800adfeaa041d141
example/biology/Book 1/2-2細胞的構造/中等/d2-2m-解析卷簡.docx,60542,b8538841c41e90c656acd8572721674af680013c0afad1df4a5ce3ad3edb9616
example/biology/Book 1/2-2細胞的構造/中等/d2-2m-題目卷.docx,1381930,c1ec6377085b2e8ef9de0a78652e3e3f99e9fa9e8771c0e1e4890cb293c171c8
example/biology/Book 1/2-2細胞的構造/困難/d2-2h-解析卷簡.docx,18487,ea06b2fcca00276c40532cab191997cb0b8dc09b70eb60bf63d436431ad98fa4
example/biology/Book 1/2-2細胞的構造/困難/d2-2h-題目卷.docx,59673,bd16e092108bde32fd28ae042602207c42a9252a9c5f030dcb29dd46ce3bf7a8
example/biology/Book 1/2-2細胞的構造/簡單/d2-2e-解析卷簡.docx,23887,ac9501ef37ce1f14d9647f8e0e48236ecde4eba67436871a62343b7e8461b44f
example/biology/Book 1/2-2細胞的構造/簡單/d2-2e-題目卷.docx,716369,004a4fc31610e0bc91462b2b653545a2a4e2ad0cd45dd3c073de696144992d38
example/biology/Book 1/2-3物質進出細胞的方式/中等/d2-3m-解析卷簡.docx,48447,fbf9a048c6bc091dc3b111ce7390199998389d05d8157d98e9917aaabef15ff8
example/biology/Book 1/2-3物質進出細胞的方式/中等/d2-3m-題目卷.docx,2468619,5b81784b13f48a0e74cc7fd8595fd2035047b9e5490f9e44eb53ee35772d58ea
example/biology/Book 1/2-3物質進出細胞的方式/困難/d2-3h-解析卷簡.docx,20622,6071cc343242ba88116f97a026c9acfd73d83994b27ed0d8bb901a37d868d3c8
example/biology/Book 1/2-3物質進出細胞的方式/困難/d2-3h-題目卷.docx,309835,5950f10e501b667482f092936596c3817aa0754a22c427a65150eceaaadbb3e9
example/biology/Book 1/2-3物質進出細胞的方式/簡單/d2-3e-解析卷簡.docx,23464,df346ab30122669516862866a1594475a239a2ec902593aa359f2b0483a9d71a
example/biology/Book 1/2-3物質進出細胞的方式/簡單/d2-3e-題目卷.docx,198778,db2a37b6c987a5c3d6f16215444e042420f9ddef1aa26fedca314aced43cb7bf
example/biology/Book 1/2-4生物體的組成層次/中等/d2-4m-解析卷簡.docx,46681,be1b344b0488d887c862f856f407136fb10ee25ad64f4f21219799e36adc08ac
example/biology/Book 1/2-4生物體的組成層次/中等/d2-4m-題目卷.docx,1412149,9ea6fdc802e95a214a41563ed27b5c1f135aabb89ab9fbf879625d9af428fee0
example/biology/Book 1/2-4生物體的組成層次/困難/d2-4h-解析卷簡.docx,21685,5cff45b6348cf82e0afce946bf4bfe08d6858600d85375186b83669adf920549
example/biology/Book 1/2-4生物體的組成層次/困難/d2-4h-題目卷.docx,204761,2fcef2159b72043a307aa7fa4e0fef0fb71875913cc6b7d12e2c32a0ef47bde2
example/biology/Book 1/2-4生物體的組成層次/簡單/d2-4e-解析卷簡.docx,25336,1f3cb17911ad870dfd08d635c8287c20421e8587a50b70f1ace297d3d226357d
example/biology/Book 1/2-4生物體的組成層次/簡單/d2-4e-題目卷.docx,136737,1c1ff33aed1e417461739f0256cffbb98ed1bc8af227192c9c020519364cbc46
example/biology/Book 1/3-1食物中的養分/中等/d3-1m-解析卷簡.docx,64511,5e3acb1ece31ed68e3ef3e17a92e047f2b914496632d260f9dd407f3fac332be
example/biology/Book 1/3-1食物中的養分/中等/d3-1m-題目卷.docx,888845,82a4a7816e0fc3daaed34b8c3b4f26443241cd3c2dbc348fbd58f7b737de2492
example/biology/Book 1/3-1食物中的養分/困難/d3-1h-解析卷簡.docx,23405,17906b62cbeb2708b86a87bab070f2f436890d93273ba763d45d054c85937d1d
example/biology/Book 1/3-1食物中的養分/困難/d3-1h-題目卷.docx,203934,6a32f036b442f59061b882d07d20cdf0f9beb3ef200c8e287bfb65f3f623b61d
example/biology/Book 1/3-1食物中的養分/簡單/d3-1e-解析卷簡.docx,29405,82ae602a15c26fd5d60d5515ca1d5c979e39b3babcc60a11746236cac9c1d879
example/biology/Book 1/3-1食物中的養分/簡單/d3-1e-題目卷.docx,122154,19e1b757b2907c05792b6bd2377e569f85fff4d515b802b5b4c5fc1b4141ea4d
example/biology/Book 1/3-2酵素/中等/d3-2m-解析卷簡.docx,58519,f39444e6713307774bd87aeb9b6315f91ec857cb0f10718a33215a0e59296406
example/biology/Book 1/3-2酵素/中等/d3-2m-題目卷.docx,1138607,fbd6d1b6d67d526a07d74887393779b9a6572a0747694a272a3e5132aae08ada
example/biology/Book 1/3-2酵素/困難/d3-2h-解析卷簡.docx,23106,f382cd4d1cf78fa1d2ad9bd676174b92c808ffdd1fd58103549b70a6db567637
example/biology/Book 1/3-2酵素/困難/d3-2h-題目卷.docx,473471,720a76f1a09729ef8ab59fa84fb8927ce41d96b0077871b3a0c35721dcc07947
example/biology/Book 1/3-2酵素/簡單/d3-2e-解析卷簡.docx,24493,196f7adfedbbf75f954daabc408bf734cca775b18be810382a606770a02ad745
example/biology/Book 1/3-2酵素/簡單/d3-2e-題目卷.docx,274480,d7d61957884e184f9153b5100a86c34e84f234b7711a08f1a765eccb2136dec6
example/biology/Book 1/3-3植物如何製造養分/中等/d3-3m-解析卷簡.docx,48639,53eab690bf37a1b4ba9f2888340718945340ac1c8dc1853a987346ee4b334189
example/biology/Book 1/3-3植物如何製造養分/中等/d3-3m-題目卷.docx,2186925,ea6f828faf237a6d66ece20b778dd0f1d4a138ad1afdcb7205aef1c406cccdeb
example/biology/Book 1/3-3植物如何製造養分/困難/d3-3h-解析卷簡.docx,22099,5005c57d960e00f521a4e29846c08a6a8c83d61cbe8ad07120ec62740c1f92ea
example/biology/Book 1/3-3植物如何製造養分/困難/d3-3h-題目卷.docx,239990,1415125d27eefa74fcd0d906357a3ca9fd9cd63c2779e5c50c90e9c2434b08ef
example/biology/Book 1/3-3植物如何製造養分/簡單/d3-3e-解析卷簡.docx,23996,b558c207c0349429ef4f3d3be4b26e6ec0d0c28cb527e2c5c3b1443fb2285c02
example/biology/Book 1/3-3植物如何製造養分/簡單/d3-3e-題目卷.docx,142135,e68e30d4d423a6d3b3059ad953399961c2505782dcc0afc5ee604b6676b790dc
example/biology/Book 1/3-4人體如何獲得養分/中等/d3-4m-解析卷簡.docx,62806,1be6f622bc4ffaab5705faeb6afa9782119e00dd4aed60cd41dde05183f9dd64
example/biology/Book 1/3-4人體如何獲得養分/中等/d3-4m-題目卷.docx,1783308,e67fe74c4db382cd1b3e815fae0c69564d8d17d52f75edbfe6a911823fc572d9
example/biology/Book 1/3-4人體如何獲得養分/困難/d3-4h-解析卷簡.docx,23438,ef9e9d15a4fabf222203d43e809eff0a5fa4d76622bc1aaf4ed47e9dec83d65c
example/biology/Book 1/3-4人體如何獲得養分/困難/d3-4h-題目卷.docx,73520,0d096dfd0327dc1181c90db83672c70687fad82391eb9280503e5f03ef0ae6ee
example/biology/Book 1/3-4人體如何獲得養分/簡單/d3-4e-解析卷簡.docx,23313,911cf47d677714a8ce0023df5ebe4551115c58df074f053dd9ee993e24bc40cf
example/biology/Book 1/3-4人體如何獲得養分/簡單/d3-4e-題目卷.docx,51216,417c508c676074b8a4995729f121e8ec374a5f5b1e45509446e351ea7c1f9ae1
example/biology/Book 1/4-1植物的運輸構造/中等/d4-1m-解析卷簡.docx,37886,c5b3e04eb175e32ad63f81dcc035f5b17707178aa9687cdda716ebc302c116de
example/biology/Book 1/4-1植物的運輸構造/中等/d4-1m-題目卷.docx,2354687,84eb42df3df3c1b2aff16b6e0e7051f6addb73d8295796119f2d1958464fceac
example/biology/Book 1/4-1植物的運輸構造/困難/d4-1h-解析卷簡.docx,19966,b3d85a03e3c4af8ebf22eaa8e727e3200fc056f55c200d3ad00e025d6c262964
example/biology/Book 1/4-1植物的運輸構造/困難/d4-1h-題目卷.docx,119824,8f6572022a3cf632c020baa08e6abeafb99334de24d1730ecb1e500ea8c4d42a
example/biology/Book 1/4-1植物的運輸構造/簡單/d4-1e-解析卷簡.docx,20696,8600afec1020ff31249c57d7a02acab33c08f9d7648882a004bd0910a831af68
example/biology/Book 1/4-1植物的運輸構造/簡單/d4-1e-題目卷.docx,71355,dac4a55985d187a467b1fdce7e281e12221c891d7c3d99d820ec9fbbbff32afa
example/biology/Book 1/4-2植物體內物質的運輸/中等/d4-2m-解析卷簡.docx,54922,335d95f7e526b43d288e8bcb763e807c2447db935cc71092545e8545959942b7
example/biology/Book 1/4-2植物體內物質的運輸/中等/d4-2m-題目卷.docx,1625585,08c542dae3dd62a61f56921c790ec1902591ef13ed66b65073a47007717f37db
example/biology/Book 1/4-2植物體內物質的運輸/困難/d4-2h-解析卷簡.docx,48146,049b6892c427779dc3c6e620531d6c7a05489eac79f9444467c2b1c8ae5971c4
example/biology/Book 1/4-2植物體內物質的運輸/困難/d4-2h-題目卷.docx,648585,d8419542630c256b52a11bd40dd6409f73936debb9ae4ea05453a8f629e38303
example/biology/Book 1/4-2植物體內物質的運輸/簡單/d4-2e-解析卷簡.docx,22213,7c62bf762e5304a1171f0b925baed540b7f90c0f046bc6be9a6abc6d86997b15
example/biology/Book 1/4-2植物體內物質的運輸/簡單/d4-2e-題目卷.docx,309555,55764b03e66efa84319efd3c5a31e2d2c3d442a7aec145da3a2c71d5ae8441e3
example/biology/Book 1/4-3人體心血管系統的組成/中等/d4-3m-解析卷簡.docx,56783,fba58eec3aa9a5d8aed121383b8e7b579860e4cd1b0e74eb068f94dd05c67f24
example/biology/Book 1/4-3人體心血管系統的組成/中等/d4-3m-題目卷.docx,1756265,586743a579aa609a22957009b1c26b1dfa75f741db5f4b2a07bac9070b201b6e
example/biology/Book 1/4-3人體心血管系統的組成/困難/d4-3h-解析卷簡.docx,20248,a7b662111eaab97132fe0019ce1ba46d1c285152a7e12aeaacb02c8d23b34e18
example/biology/Book 1/4-3人體心血管系統的組成/困難/d4-3h-題目卷.docx,73086,758c4208199c64048fde35974dd042692d31fc7c3e7bf1d2802a081355257bc6
example/biology/Book 1/4-3人體心血管系統的組成/簡單/d4-3e-解析卷簡.docx,29888,e7efc8a142be9027d9265d2d1ebb3b789868f7088bda759f7de88860450ea213
example/biology/Book 1/4-3人體心血管系統的組成/簡單/d4-3e-題目卷.docx,288757,2e7b4b91b9694a16f4da3dcfcc6ca829efe69c627f1e209b573cbf6d0a37db6b
example/biology/Book 1/4-4人體ˇ的循環系統/中等/d4-4m-解析卷簡.docx,65082,8d5e507686c1908532172e6c0f0722fec7a099660ec93156d6d1dd64f12ed6f5
example/biology/Book 1/4-4人體ˇ的循環系統/中等/d4-4m-題目卷.docx,2378728,a964773c6932edfb1a11903f3f81d9e1ddb7a736b60917d505361a6f3fedef1f
example/biology/Book 1/4-4人體ˇ的循環系統/困難/d4-4h-解析卷簡.docx,21876,ab74e4faf83c0d559241e25181b53fb81101d2798055bc9a0d61d7753f1f9c85
example/biology/Book 1/4-4人體ˇ的循環系統/困難/d4-4h-題目卷.docx,232283,fdf77e5ba7ab11781f5e59c6945c44aa4282a02ae43c6e5a4e5e52fe82a96144
example/biology/Book 1/4-4人體ˇ的循環系統/簡單/d4-4e-解析卷簡.docx,23350,6ff169084e0e249a981cd57877e2cc2c1c354b684efd6c4b1984901c39f87d21
example/biology/Book 1/4-4人體ˇ的循環系統/簡單/d4-4e-題目卷.docx,120978,1db56d135f0242a4d053f8e62c7060cf59dca8785de2ed21ea9ac23d58ba3bcc
example/biology/Book 1/5-1刺激與感應/中等/d5-1m-解析卷簡.docx,64761,1372c83b870aedd691ee5c8f4ee36e84a424a5cf8e23c98c3d65b575357c372b
example/biology/Book 1/5-1刺激與感應/中等/d5-1m-題目卷.docx,204763,add916e2992e5a57583bae88662a81c0ef97e7bfbc7670781d28aeb85e20d8e3
example/biology/Book 1/5-1刺激與感應/困難/d5-1h-解析卷簡.docx,16773,6131ae8e3a2b8ce23744817821760c0d997d1a51b0fe2d6776cf535e984f13b9
example/biology/Book 1/5-1刺激與感應/困難/d5-1h-題目卷.docx,17090,af3870df75525d2d49a763421644c13a6b5060094e1cf084d05ba99bf8b625dc
example/biology/Book 1/5-1刺激與感應/簡單/d5-1e-解析卷簡.docx,24767,2b924fba164d405faa0934f4e87ed6fdec28f43a2a3bc2163331094b3048279e
example/biology/Book 1/5-1刺激與感應/簡單/d5-1e-題目卷.docx,112005,a2d7bf67392a832aaad5dbb101fd60959ecdc49147c0bddad7429a5e3e619b2c
example/biology/Book 1/5-2神經系統/中等/d5-2m-解析卷簡.docx,84595,79ec41a9a10ed6f1d984314b460d13974ac787ee730e3f3672d1992a843c9331
example/biology/Book 1/5-2神經系統/中等/d5-2m-題目卷.docx,2000228,62053758d7d2a82699eb94261f9061cb5079a57a0360ec1f439becbc18f89fd6
example/biology/Book 1/5-2神經系統/困難/d5-2h-解析卷簡.docx,18952,6e820f7a0dd2c34f949d37eb859dc405477bf162759db037e481698368e9d0b5
example/biology/Book 1/5-2神經系統/困難/d5-2h-題目卷.docx,237496,27d16b0f4c50a32255c21568189cd6e627ac25e00793ed6772ff65e15a45502c
example/biology/Book 1/5-2神經系統/簡單/d5-2e-解析卷簡.docx,30257,e48c12b1f91afcd60c43ed3a2309f16bcfb23d8ffd86c7125f459dfabdaef7c6
example/biology/Book 1/5-2神經系統/簡單/d5-2e-題目卷.docx,331851,7e8354e48026187694cc34071845c113306a72c53321333568bc00df8f9dd0b1
example/biology/Book 1/5-3內分泌系統/中等/d5-3m-解析卷簡.docx,51397,0a88fe452a1c6e5c2e8be0c48040e200e478fb0246b6c450af25542bdcf91974
example/biology/Book 1/5-3內分泌系統/中等/d5-3m-題目卷.docx,916386,0031353e0f761eaf85baa4a41350c00129652c3e03ba9bcee762454957b05e49
example/biology/Book 1/5-3內分泌系統/困難/d5-3h-解析卷簡.docx,26580,ef1d6f5d56dfe54fb97f8ad5f7da7c949726844f26f9c5d558d632408ff8bfff
example/biology/Book 1/5-3內分泌系統/困難/d5-3h-題目卷.docx,202070,e649f2f7c7ad0e26c3c9b5fd74efa778f6212ee9b49a8ef8d2ccf3f50d7661dc
example/biology/Book 1/5-3內分泌系統/簡單/d5-3e-解析卷簡.docx,31038,f4f17f2106fcdcb5504f7bdfa5be1d834b08009589bc9614c4e98f3ac9eefbca
example/biology/Book 1/5-3內分泌系統/簡單/d5-3e-題目卷.docx,345743,c73ea5e5beb94c06f922cb414523d71348fc85d954ae390976b5a3c1cf1c25ab
example/biology/Book 1/5-4行為與感應/中等/d5-4m-解析卷簡.docx,33474,689532c76bb53ff0fbf315d923283e531461530f578dbd355e6fd5dfe70abc6e
example/biology/Book 1/5-4行為與感應/中等/d5-4m-題目卷.docx,1220538,992ca10a384d832c08260b800e707c561ada16b2249c35d0ca4945b9ffff2d7c
example/biology/Book 1/5-4行為與感應/困難/d5-4h-解析卷簡.docx,17366,e9c50ce6399dd6e4d2b84533fe9d4a108b1a0a5cd3e671d08a3b3feeb40de2ad
example/biology/Book 1/5-4行為與感應/困難/d5-4h-題目卷.docx,37329,768aa06dff4465bb9f1cf94a0bf0867006e56240a4298599511c38d3bd1dc408
example/biology/Book 1/5-4行為與感應/簡單/d5-4e-解析卷簡.docx,28854,807fbd7e3383846f5083a476c122ef116960f1808f730d7c74d20078709873ce
example/biology/Book 1/5-4行為與感應/簡單/d5-4e-題目卷.docx,236645,e6b396eb6c88b71d3c37046f6a3438539561c524477216a2cb8493016f784e7b
example/biology/Book 1/6-1呼吸與氣體的恆定/中等/d6-1m-解析卷簡.docx,67689,fc35f8051052272539d985b13867253db47921374bc76a95eb2889a6c6a716d7
example/biology/Book 1/6-1呼吸與氣體的恆定/中等/d6-1m-題目卷.docx,2327043,5063d12ec06c0b6c1ceeb76cfba81b8b8da7ea4c79e7a8b67a24bbfffda6ebda
example/biology/Book 1/6-1呼吸與氣體的恆定/困難/d6-1h-解析卷簡.docx,22328,61d8cd0c137c42197f2cc6b214b4cc3879bb70df878580061ace2219e648c3c0
example/biology/Book 1/6-1呼吸與氣體的恆定/困難/d6-1h-題目卷.docx,270503,d08b9888c2af63978cf22af546e6760c24cd7ea5df31f2ad5774dc3fc180a190
example/biology/Book 1/6-1呼吸與氣體的恆定/簡單/d6-1e-解析卷簡.docx,28128,4a197b139255b8717469a11027cddb620539a5dddfad867278f430ba68345631
example/biology/Book 1/6-1呼吸與氣體的恆定/簡單/d6-1e-題目卷.docx,958855,b9693a14c157a12f77b9e77032c12d35b1030c65070e61668cb2bf8b81d5f947
example/biology/Book 1/6-2排泄與水分的恆定/中等/d6-2m-解析卷簡.docx,51801,2940018951caccdf13488be60aa8773e6e23db7f806c17651353b29d473aba0e
example/biology/Book 1/6-2排泄與水分的恆定/中等/d6-2m-題目卷.docx,1474861,1316824df06b26a89db97716b919e4c4ca994c1d53a776b9ff66d7271962ff50
example/biology/Book 1/6-2排泄與水分的恆定/困難/d6-2h-解析卷簡.docx,20746,57d178ac5b712186061e527445f36c5ca2225fd6f51cee07fe1e748b39bab32a
example/biology/Book 1/6-2排泄與水分的恆定/困難/d6-2h-題目卷.docx,40699,53007b838a3ee1267561324ecc45a34cbc0c881c0e9f251bd570b24c5d6bd4fa
example/biology/Book 1/6-2排泄與水分的恆定/簡單/d6-2e-解析卷簡.docx,27267,57a2a0232b9af1fb962ebcac78419f6765fa73b7de2a28954303cbaa2590f62d
example/biology/Book 1/6-2排泄與水分的恆定/簡單/d6-2e-題目卷.docx,122486,b990a96c60793c423db7bafb804f841b558b6ede43bb4c8dcf7a8e790d818614
example/biology/Book 1/6-3體溫與血糖的恆定/中等/d6-3m-解析卷簡.docx,57348,56406cdedea1ec4dad541e9892252bac6fa0991e30059c0e44e7e1b60ad96c17
example/biology/Book 1/6-3體溫與血糖的恆定/中等/d6-3m-題目卷.docx,1018108,925c0ec607711659f1c0c9d9e143e65d94827cb9b0ae6f1008a1d25493f79b75
example/biology/Book 1/6-3體溫與血糖的恆定/困難/d6-3h-解析卷簡.docx,21645,26b424c1c7fbd6b4af6b380492fed0dbe7b65722a52e928ad1f88f7b5b6e68c0
example/biology/Book 1/6-3體溫與血糖的恆定/困難/d6-3h-題目卷.docx,146729,1e5382c816892d7b2e2c6434fdf5fd5a8cbc2113e0aed1e7e083382d660a3800
example/biology/Book 1/6-3體溫與血糖的恆定/簡單/d6-3e-解析卷簡.docx,30863,bf81fea938ae8ba0b77a7fe96c708f7c7ab86dab4829851a925df2f7541f65cc
example/biology/Book 1/6-3體溫與血糖的恆定/簡單/d6-3e-題目卷.docx,129518,b5859f8bba2b9e3d8e3bc36155eb24e086975daf3308932135ae2656d293af99
example/biology/Book 2/1-1細胞的分裂/中等/d1-1m-解析卷簡.docx,58843,a00b6a19f7d014c0b07b53af6eb0b7aa4d0ca717590fec2b110b7edb8f8826e6
example/biology/Book 2/1-1細胞的分裂/中等/d1-1m-題目卷.docx,1967237,34c7268e1962b7c317df29eca07d054c921cd1f133d96a1e1734841fcd829451
example/biology/Book 2/1-1細胞的分裂/困難/d1-1h-解析卷簡.docx,26561,5313aeba01b4a60d9938b5cb8304eeb2f96f65ceb0610c8e5136ae36c38c2d1c
example/biology/Book 2/1-1細胞的分裂/困難/d1-1h-題目卷.docx,495598,0345ca22c0f6ceca44f3a2c554f77807f36e29cfb76b3b535e21cb7f2a7c4c0a
example/biology/Book 2/1-1細胞的分裂/簡單/d1-1e-解析卷簡.docx,22582,754b0ab750ddd6b46342714c96efe99d06d6a881b4026e228b172645c2f5855e
example/biology/Book 2/1-1細胞的分裂/簡單/d1-1e-題目卷.docx,431232,1152eb72eacf8a10af8f8490c2463bc5f85f2c8df05fd51f3e73213ee7212805
example/biology/Book 2/1-2無性生殖/中等/d1-2m-解析卷簡.docx,44908,b22acbefe94dc4bb1f162ce6ac20b785bb8e87c376087f5f1dce48cfb37be85a
example/biology/Book 2/1-2無性生殖/中等/d1-2m-題目卷.docx,1147451,98bb122deb53fd2dc2df7fd72fc02998f1952757b8d6d26d282304629818cd34
example/biology/Book 2/1-2無性生殖/困難/d1-2h-解析卷簡.docx,18884,8c1149cf7b7cdc5f28344c6e5ebb65344ecedc729d9b74129fd4b11964811c3a
example/biology/Book 2/1-2無性生殖/困難/d1-2h-題目卷.docx,69590,aa0c7f7061a25aadf3511397ee94e0200151d249e908a4ee6e265cebcb649177
example/biology/Book 2/1-2無性生殖/簡單/d1-2e-解析卷簡.docx,27310,011a1b72458bee20ba417fb2366d4e7035359488eeda9cfeb9b061e0e6b7c0bf
example/biology/Book 2/1-2無性生殖/簡單/d1-2e-題目卷.docx,458563,b20f6aa1535dbc474d6761505c3cd2e1a72e089950b4fc631b3cffadd31d0bbc
example/biology/Book 2/1-3有性生殖/中等/d1-3m-解析卷簡.docx,87850,95277e46ef4e8117d46be88e9d0cda741a5c9958fed0067a64ad6e0672944715
example/biology/Book 2/1-3有性生殖/中等/d1-3m-題目卷.docx,2580109,1c76c2fc2a5007433eeebe3fb40a074bd88f0ca1237926fd488e4c4ced9c4ddc
example/biology/Book 2/1-3有性生殖/困難/d1-3h-解析卷簡.docx,25071,01389981a45a5fd286967feaa54bd22d5045e9d209f4439fccd3de13ad60b556
example/biology/Book 2/1-3有性生殖/困難/d1-3h-題目卷.docx,139557,195e1e182cf62e7d1b9056276accab739a0c62f4d60c8c920b171acc5b67a321
example/biology/Book 2/1-3有性生殖/簡單/d1-3e-解析卷簡.docx,36553,c21f8b014367fc089dc3fd7ef5595efb571769ed71a13b1898cec191691016fc
example/biology/Book 2/1-3有性生殖/簡單/d1-3e-題目卷.docx,746126,cf49bb74ca05a717412a0a261135c0ab8eef0b741c489ebf0b814b14005b91df
example/biology/Book 2/2-1遺傳、染色體與基因/中等/d2-1m-解析卷簡.docx,204488,f4e7b57b1dee79154688b16dc546390958e1cb35ba18e07f00b2c1443c1a822b
example/biology/Book 2/2-1遺傳、染色體與基因/中等/d2-1m-題目卷.docx,1608239,e9987ea81cdc8b49c53687e941b824a6aeb69353f04b387dd51cac531dbae03f
example/biology/Book 2/2-1遺傳、染色體與基因/困難/d2-1h-解析卷簡.docx,37526,9b80f9586947d6d4fbf02b28297034749ca8b7b1221610f81ad5e5817aaecdc7
example/biology/Book 2/2-1遺傳、染色體與基因/困難/d2-1h-題目卷.docx,290336,14143bf4901720ed8c1a824a4e71023fca9ce73aa2ed5e716291feb4c724b04a
example/biology/Book 2/2-1遺傳、染色體與基因/簡單/d2-1e-解析卷簡.docx,43097,e1f30b071c9348b29507b77a197a315e719d0cab351c88362c5a9741a14e0faa
example/biology/Book 2/2-1遺傳、染色體與基因/簡單/d2-1e-題目卷.docx,157584,6f974792251b8b266825b5e7c89fb17896053151b64805a53e1b6129d36695d8
example/biology/Book 2/2-2人類的遺傳/中等/d2-2m-解析卷簡.docx,150843,d17f8849477872dbb9daf587dba589ab84c705c6a35aef98e5055cc2acc524c0
example/biology/Book 2/2-2人類的遺傳/中等/d2-2m-題目卷.docx,640468,ab9537c8ea2b317f9ad8fd3bd47db6c1ae634d3f6d5239c99ec783531d28934f
example/biology/Book 2/2-2人類的遺傳/困難/d2-2h-解析卷簡.docx,23871,f1897bc6f3c77ffe4aab97b71ef06a65f0344ba3ba861224758979a2c3f6d513
example/biology/Book 2/2-2人類的遺傳/困難/d2-2h-題目卷.docx,70027,8cca9e1acdfed570dfd169f1a8130dc296d4af0307d3fa43dead41960d1b2068
example/biology/Book 2/2-2人類的遺傳/簡單/d2-2e-解析卷簡.docx,44280,ab23d3528de0d515dafd414fd2edb84ca76570aac9f2a34de983b5e374804ce7
example/biology/Book 2/2-2人類的遺傳/簡單/d2-2e-題目卷.docx,106817,f8e02490b8bbf8450bbcd60eb0a9f54fe8fde4b5ed527ed7b8da04fd228b7b3f
example/biology/Book 2/2-3突變與遺傳疾病/中等/d2-3m-解析卷簡.docx,82205,ec3236c240667124c0def75e44a12693378892f0a8441488fef8691eb338d005
example/biology/Book 2/2-3突變與遺傳疾病/中等/d2-3m-題目卷.docx,428268,b9d2528b6917ebce540f6c89c9b24044310bfc47de720132bfa85de7f6cb55ef
example/biology/Book 2/2-3突變與遺傳疾病/困難/d2-3h-解析卷簡.docx,25976,fc1d4f7381c5728b549178aa45da58f25d2d6ae7975d78beee89a277351490aa
example/biology/Book 2/2-3突變與遺傳疾病/困難/d2-3h-題目卷.docx,102401,9ffcf844d3975f65261eec63d15573f2ad9a69dc8543d76c718e8b8013b5db39
example/biology/Book 2/2-3突變與遺傳疾病/簡單/d2-3e-解析卷簡.docx,36318,7b6a57a688f7af50cf91d264a4871b1f2f951815d783f7cbf8e58f1cafad6d11
example/biology/Book 2/2-3突變與遺傳疾病/簡單/d2-3e-題目卷.docx,337183,abdea516c5d0af14562f0b1a9475ccf5aa0d84177583c0356bf8c12689333766
example/biology/Book 2/2-4生物技術/中等/d2-4m-解析卷簡.docx,51658,4e787dc75bf0527ccd5ad2cc273bffa75918891285ae3401423c3fae1be67c61
example/biology/Book 2/2-4生物技術/中等/d2-4m-題目卷.docx,690959,71494331367ae9072c859340184b26a4c0fdbc2f2fb147e09f181c686ed820a3
example/biology/Book 2/2-4生物技術/困難/d2-4h-解析卷簡.docx,18939,223f21b07fb05e61dfbbff49f5e112dbf3566cdd5c952824cb4830d65a5e0c98
example/biology/Book 2/2-4生物技術/困難/d2-4h-題目卷.docx,21359,8aeffaa170e38b2f5ff83e56cb25b646725ae60ed0148b9216e7ede164fedfb1
example/biology/Book 2/2-4生物技術/簡單/d2-4e-解析卷簡.docx,27299,5f0b78ce594a64281b0657d17bda39611b26b6060ea0ecdae3dd068a84293d7f
example/biology/Book 2/2-4生物技術/簡單/d2-4e-題目卷.docx,205142,8d06e4b4e5ed219c13d028546a0e916b4231f49883f01a7ae966d1a985245b0e
example/biology/Book 2/3-1化石與演化/中等/d3-1m-解析卷簡.docx,29553,67fd88c96e09c18e8e1845e1518c17f942d509f724cea7941ede7cb39b2d7b07
example/biology/Book 2/3-1化石與演化/中等/d3-1m-題目卷.docx,223635,f63b1fb5fbc504e99b7216771872d751f1045bc23c1c10403ded879530a907aa
example/biology/Book 2/3-1化石與演化/困難/d3-1h-解析卷簡.docx,17383,6513e2fd2b165e7904572b58f0c5edf414228e1db900a6b6e2418877980390cb
example/biology/Book 2/3-1化石與演化/困難/d3-1h-題目卷.docx,17564,415f1eaad90b5ecb5e202a242eb4bd74f2741c44751cdfd708122c028725f2f9
example/biology/Book 2/3-1化石與演化/簡單/d3-1e-解析卷簡.docx,30671,4f4a7f71aa009e35ceea0a7a1c84e57a76c9ede88faa598136ccaa5171752302
example/biology/Book 2/3-1化石與演化/簡單/d3-1e-題目卷.docx,308532,b71e35994d9a5bf14ace8790285dd6840410f86e65e12e9379ec4d4e739ce5cf
example/biology/Book 2/3-2生物的命名與分類/中等/d3-2m-解析卷簡.docx,164004,cffa2d98c91505b133795b9f8d535a3110fc88a571637fed87618896e9dad111
example/biology/Book 2/3-2生物的命名與分類/中等/d3-2m-題目卷.docx,1555830,1ee44a696f9f305954538b200f556d036836d5cbc4e10edb90f000a7ce9c37e9
example/biology/Book 2/3-2生物的命名與分類/困難/d3-2h-解析卷簡.docx,22948,0b779d742fe7d9431c19605fb34334684ec3f22a9a8219ddc5a55d578f4b5939
example/biology/Book 2/3-2生物的命名與分類/困難/d3-2h-題目卷.docx,210965,d6945acd419e70ae94bffad1cbf97d5bbee07e6c139108639a13a1fb1b189639
example/biology/Book 2/3-2生物的命名與分類/簡單/d3-2e-解析卷簡.docx,35503,6718ea9fd4c0d0bde4af0e2182899d6e2f1e248ec327fef570d13cd846df1987
example/biology/Book 2/3-2生物的命名與分類/簡單/d3-2e-題目卷.docx,315292,64a298c89dc7cc1f3e09875a0e019b614ef55aaed30ec32478224c04af3b6cc5
example/biology/Book 2/3-3原核、原生生物及真菌界/中等/d3-3m-解析卷簡.docx,68174,74ee44ecdc10826f70624099a8d9099bfe2410afd89ce4e65819393f2dca4fa9
example/biology/Book 2/3-3原核、原生生物及真菌界/中等/d3-3m-題目卷.docx,1633189,1b1f472009b0d4a81ec30b0418972909cbb4eb9214704db89bca9176b00a35e9
example/biology/Book 2/3-3原核、原生生物及真菌界/困難/d3-3h-解析卷簡.docx,23972,7b570e4de796110367ccc42b50562244954656bfabfee16cba0fdbe88a3f4727
example/biology/Book 2/3-3原核、原生生物及真菌界/困難/d3-3h-題目卷.docx,276744,8e6f4874b7e5270c8b5fb73f3af31760612d76ce0f70b16dde263e5875c0acdb
example/biology/Book 2/3-3原核、原生生物及真菌界/簡單/d3-3e-解析卷簡.docx,24968,f136e2f3bd0391fa69fc99aa42d8f275758f5766760c641b7baceccc9eb9813f
example/biology/Book 2/3-3原核、原生生物及真菌界/簡單/d3-3e-題目卷.docx,315192,736ee64de8b7718e8b7ac1ba32138ed580ac680fda98e47c853af99f24e646da
example/biology/Book 2/3-4植物界/中等/d3-4m-解析卷簡.docx,72649,e2a16522f2064a0fa0990db8ea81134d57518a8691ac0f99367fef05a2b4e104
example/biology/Book 2/3-4植物界/中等/d3-4m-題目卷.docx,2883599,591890c107d99404813dec507e9627e642bbb4c46ac59f4557f5802f27f65061
example/biology/Book 2/3-4植物界/困難/d3-4h-解析卷簡.docx,21499,9ec75cacc58e79fe636b487a2767735fb9df7a3a7f06c839948d46fe845e4a66
example/biology/Book 2/3-4植物界/困難/d3-4h-題目卷.docx,324093,c346bb910cf856bcf5db22f91fb9a5af110407fba46e7e75c413ccffae9c3cb3
example/biology/Book 2/3-4植物界/簡單/d3-4e-解析卷簡.docx,25921,d6f4fabc931b73f7ff8b6b84f50e1a00d24edc23bf7a96b1c0599f8e804e3dea
example/biology/Book 2/3-4植物界/簡單/d3-4e-題目卷.docx,178839,bc6366c4aac59814f86d86dec36fe1794ed02b1d9a9b3d64f95db3517e5aec95
example/biology/Book 2/3-5動物界/中等/d3-5m-解析卷簡.docx,82299,98023e261577cb75abbba7083c60ab1f8726c32a1cd28bc608ec32886fd4c687
example/biology/Book 2/3-5動物界/中等/d3-5m-題目卷.docx,1458478,a864068832db14a493f906f202557fd7057e400cc3229e3a58058ed1d2232897
example/biology/Book 2/3-5動物界/困難/d3-5h-解析卷簡.docx,41199,345ba83490ac8f3cc96ea98adb61c2818399b8bbd3f0946a99dc95038d278794
example/biology/Book 2/3-5動物界/困難/d3-5h-題目卷.docx,173291,c9cbab8223eae7a78a28517d6627e80ff5d0a05ecac736e58020766f77e7c2af
example/biology/Book 2/3-5動物界/簡單/d3-5e-解析卷簡.docx,33386,9b74c9eecde81d0a87a871634991fb3b62d6e32a475be6fe37c568464d54c65d
example/biology/Book 2/3-5動物界/簡單/d3-5e-題目卷.docx,307448,e38d53707c9eb3d74252c0228ab7676d943bc23aef3cb635dc2ca5b785aec460
example/biology/Book 2/4-1族群、群集與演替/中等/d4-1m-解析卷簡.docx,91126,b5fc02658f58a17a1111f6389216ada0155ca72d0c95c89cecd55811736e46d0
example/biology/Book 2/4-1族群、群集與演替/中等/d4-1m-題目卷.docx,373184,16b90498e63c5668245ccc05c8352ff5bb1c1eda6ae2bf985931f0c4ed7b0904
example/biology/Book 2/4-1族群、群集與演替/困難/d4-1h-解析卷簡.docx,22238,015b8cefadad8dbf9fa73e80f6f321a5ab661898731a7af19f7fb645047f2b45
example/biology/Book 2/4-1族群、群集與演替/困難/d4-1h-題目卷.docx,75414,1d12a4c78828d154823583de9735cef4f9de2ce497f9a34d1183b480ffe0ebab
example/biology/Book 2/4-1族群、群集與演替/簡單/d4-1e-解析卷簡.docx,42980,b13a03b0831199ce595ecd54d09b4047a4d41ed451fab039ae85e8733a679fde
example/biology/Book 2/4-1族群、群集與演替/簡單/d4-1e-題目卷.docx,195794,1e4d1089040ebb07e910b49f1cd563310fbda872dd93dbe16f6355b4d78ebe2a
example/biology/Book 2/4-2生物間的互動關係/中等/d4-2m-解析卷簡.docx,54733,f17e9a3a790dbe0d39a49be9fc8220274ff4449f3d21b6122ab2c65deec4963e
example/biology/Book 2/4-2生物間的互動關係/中等/d4-2m-題目卷.docx,1293972,9ea02b8802bb29da911a13479bc95f50597b61448ac81140d48177e4b8dd170b
example/biology/Book 2/4-2生物間的互動關係/困難/d4-2h-解析卷簡.docx,16792,4a553edcb81e5efa9fee2a6a8e9786886d488581f279261799ac96e34aa186d2
example/biology/Book 2/4-2生物間的互動關係/困難/d4-2h-題目卷.docx,16732,5f0820e6cbcbffc0e044e20b870166931e7631a37b952a68c834ca19ac9e7b25
example/biology/Book 2/4-2生物間的互動關係/簡單/d4-2e-解析卷簡.docx,26811,7fbd608efa5148b190b9d4a77c2f0ea72d0cd3cc2b5ffebc675e173ed9ad09e3
example/biology/Book 2/4-2生物間的互動關係/簡單/d4-2e-題目卷.docx,129197,1970e9b34d195ce075fd69aaf4e858abdebe7f0253e6cb17b6686c5bedc93fc5
example/biology/Book 2/4-3生態系/中等/d4-3m-解析卷簡.docx,102572,4a3dae624f98accc8fd031af63f4fb95536e51cda1d5bc5b91389c23b27ba318
example/biology/Book 2/4-3生態系/中等/d4-3m-題目卷.docx,1656048,1930c42e7c8a9460cafae495628207297fab97100b093f675afd33d40f7611cd
example/biology/Book 2/4-3生態系/困難/d4-3h-解析卷簡.docx,21822,5da47b4077eee66315e81df8139c0535d03955015eccbd51e631c21b77f1f76b
example/biology/Book 2/4-3生態系/困難/d4-3h-題目卷.docx,67204,28844852eadb6d2ae849967d691681a91f2eca34b128c2c62b9034455bcd80c0
example/biology/Book 2/4-3生態系/簡單/d4-3e-解析卷簡.docx,40051,f1b8034ce7f60a6dd17934d7cb6c2ce51116d238392929326db7a8cd8f7da6b9
example/biology/Book 2/4-3生態系/簡單/d4-3e-題目卷.docx,516724,543100bb1cb77a4b634fc910f50162cddd105f2b20720e82474b105352129946
example/biology/Book 2/4-4生態系的類型/中等/d4-4m-解析卷簡.docx,44229,c848040661cddcac9b0f2db4914cb7b23376b132c1bd07e9d0706e2b072c8620
example/biology/Book 2/4-4生態系的類型/中等/d4-4m-題目卷.docx,553210,bca0c79d2a0bacbbd146144ceab313d35d99af8c27c2b7e6ca3d2ea611a5fd46
example/biology/Book 2/4-4生態系的類型/困難/d4-4h-解析卷簡.docx,18860,543ec9e7ef4d1fe8109ccb56ae8fde3e642b4525b85e188505ba6e129c3dfa93
example/biology/Book 2/4-4生態系的類型/困難/d4-4h-題目卷.docx,206209,9234c7373140660d37b861168270c97f066e7119cbb01a5571a6e07f8e6886c2
example/biology/Book 2/4-4生態系的類型/簡單/d4-4e-解析卷簡.docx,33640,df0fdfc972f514096dc306c03f86787c55400497f13783f8e365198f521785b0
example/biology/Book 2/4-4生態系的類型/簡單/d4-4e-題目卷.docx,120010,8ce5da5043b1e936571f419add48aecf39472ce21b96ec6948262616cd01cd84
example/biology/Book 2/5-1生物多樣性/中等/d5-1m-解析卷簡.docx,28650,88633307d4127f588f1d5a258285dacffdeea22a0c43a57523650896a0570764
example/biology/Book 2/5-1生物多樣性/中等/d5-1m-題目卷.docx,43282,f300b85004aecdd4d46699d6a348651c3e184e96b0d61393eee7528ed3e44b6b
example/biology/Book 2/5-1生物多樣性/困難/d5-1h-解析卷簡.docx,17444,70bbb4ba6ac0415c18a1c074aaa6f2b9541215331fd463c5dbf231b36dfdf1bd
example/biology/Book 2/5-1生物多樣性/困難/d5-1h-題目卷.docx,18149,6972c8f1f3f74ffa97740840f1c784025953da92dfdb5b7ae00d62eac00d8ef9
example/biology/Book 2/5-1生物多樣性/簡單/d5-1e-解析卷簡.docx,26295,1d7caa5d0dd3752a9d4e48351d20d739e363ca79b8951c0a0363777f95d1f15f
example/biology/Book 2/5-1生物多樣性/簡單/d5-1e-題目卷.docx,84167,415fd9c0154ff73788679ed4f672e23e22d4d614d0242ebf6dcba003b63d175a
example/biology/Book 2/5-2生物多樣性面臨的危機/中等/d5-2m-解析卷簡.docx,56920,e710470324551646bfdf34229696eb5e89601a9dbfaca3637a21d3a98b824e42
example/biology/Book 2/5-2生物多樣性面臨的危機/中等/d5-2m-題目卷.docx,890700,891ef0646774416b980e389c3ad21b4856b57bb8a6ea12f380926740587c1e38
example/biology/Book 2/5-2生物多樣性面臨的危機/困難/d5-2h-解析卷簡.docx,20846,bc903a8bcb1aa17bb81d41538ce90a4181b2f86849881199593d0427cbabbe1e
example/biology/Book 2/5-2生物多樣性面臨的危機/困難/d5-2h-題目卷.docx,108927,5137371f1aaa9ffbd7c0606f26938ebf1f30b382a4c25e6ad88988e96e22b931
example/biology/Book 2/5-2生物多樣性面臨的危機/簡單/d5-2e-解析卷簡.docx,43485,3736f233ad2e363dfe866aac95bff84f0d19cbb43394be4dcf12ce19c49895fd
example/biology/Book 2/5-2生物多樣性面臨的危機/簡單/d5-2e-題目卷.docx,621020,53ecb16c3c13ba1ee2ea117b1a089deebbb6640e66ad9e01b71f6590cd3147a0
example/biology/Book 2/5-3保育的落實/中等/d5-3m-解析卷簡.docx,42403,77e9001ef886304f73784216bfb30eb2043924c9f9c83f307d5dba4478e351a6
example/biology/Book 2/5-3保育的落實/中等/d5-3m-題目卷.docx,262473,d368ec69c88978fcdf765b5998a45bac6db91ad6a51d48f6fe85c731e5d769eb
example/biology/Book 2/5-3保育的落實/困難/d5-3h-解析卷簡.docx,19668,12dab79e675d5f1699553919a80010e41ae54e4d4ee5041ee8969f831b2be8e7
example/biology/Book 2/5-3保育的落實/困難/d5-3h-題目卷.docx,25063,90229d7632e7344a190edcacfb43be958e7a0a825da937055158f81566d493b1
example/biology/Book 2/5-3保育的落實/簡單/d5-3e-解析卷簡.docx,41029,d4ea0281d0da5818acdceec41dd496a0f15308ff304f92a7a9b0b2ac1f1285bb
example/biology/Book 2/5-3保育的落實/簡單/d5-3e-題目卷.docx,57157,cf20d549a4f16e2c867826fa5d91b4d11cb5a069da230086051aa21500a7155b
example/earth science/book 5/5-1我們的地球/中等/d5-1m-解析卷簡.docx,42733,6d521abbbedbfedcce916e0b4eb5bbccd320b7bf3af44693ca677d0e3c08b83a
example/earth science/book 5/5-1我們的地球/中等/d5-1m-題目卷.docx,1215555,1de931375ecb4f031781e3de2082c379ecabee051e8b9500c8aef5c87b4ec6e3
example/earth science/book 5/5-1我們的地球/困難/d5-1h-解析卷簡.docx,18701,64c2339a914aa116d1f9848b49a01c672d2028a8e560d11ed50d6498b75fe4db
example/earth science/book 5/5-1我們的地球/困難/d5-1h-題目卷.docx,171442,8637a2f1837e462c751939467bf2e6fd3d3ab92bd4f1da729131c71f1baa5228
example/earth science/book 5/5-1我們的地球/簡單/d5-1e-解析卷簡.docx,31430,49afd7eadfbe94b2ae8101b2b896f9e1af3fa603bfdcbca46e1d4ff1657daaba
example/earth science/book 5/5-1我們的地球/簡單/d5-1e-題目卷.docx,260355,bfa020a7ccdfecda0ca2f759e889778508f05c143ed365037be523bf4694d80f
example/earth science/book 5/5-2地表的改變與平衡/中等/d5-2m-解析卷簡.docx,55799,9dc00ee0e2df0f594520ecb630ff0c5b39c61989c6bfa3ba673b118c0dc08543
example/earth science/book 5/5-2地表的改變與平衡/中等/d5-2m-題目卷.docx,1879309,aab057e200cc37a44d6484261e3d6ba6619d8e933d26e433959f4f22475ed5f1
example/earth science/book 5/5-2地表的改變與平衡/困難/d5-2h-解析卷簡.docx,20744,ccc3b4fcc6676653979386860e11febb1c4a3806de5fc28a81b751c325bc9a2e
example/earth science/book 5/5-2地表的改變與平衡/困難/d5-2h-題目卷.docx,269773,02dc747a9b3590f46432f56b112166919d7a47b0c97b16f9d0f4858172d582af
example/earth science/book 5/5-2地表的改變與平衡/簡單/d5-2e-解析卷簡.docx,33798,0096721540d89547e15ae38e29ba83296999cae48fb81d4a8e891ac6eb13e405
example/earth science/book 5/5-2地表的改變與平衡/簡單/d5-2e-題目卷.docx,926565,69d65567a6eca76e6372b11b88830c8bc589c247745103a58da1b2bbe78c8609
example/earth science/book 5/5-3岩石與礦物/中等/d5-3m-解析卷簡.docx,42935,3971b0a35efaf510c21ca922c95942105680593e6e63cadc9accccab44d37fc7
example/earth science/book 5/5-3岩石與礦物/中等/d5-3m-題目卷.docx,1293768,77e52a15d4c8b9723271acdf0bfee1c240a11549733270aa8a3bab9c1f9d0cb4
example/earth science/book 5/5-3岩石與礦物/困難/d5-3h-解析卷簡.docx,19826,8068f4216e239d70b1e1d715eb5edb4a5bfd82955fc3f9162b01012ec8a023f3
example/earth science/book 5/5-3岩石與礦物/困難/d5-3h-題目卷.docx,119719,5121b93c94e06b878a0f4daa7e4b06ac0a1420cddb021347d6e373b11f35969d
example/earth science/book 5/5-3岩石與礦物/簡單/d5-3e-解析卷簡.docx,32720,93d9a0bb42c4375a6d9a8b92e2713da2a1ed2e751079c69b5d441d1e3b2560bc
example/earth science/book 5/5-3岩石與礦物/簡單/d5-3e-題目卷.docx,341067,7f627b2e9e6b2f6e2cc0ed67f8a4fe4a051d0e615e83a7eb612a3e09a815e660
example/earth science/book 5/6-1地球的構造與板塊運動/中等/d6-1m-解析卷簡.docx,39536,a25466f8dfb604227587e76294b4b68d57ef925bb824c62ca95a516833256036
example/earth science/book 5/6-1地球的構造與板塊運動/中等/d6-1m-題目卷.docx,1441895,f9edb90c25d5492004bea7a202813b62a8ddd5c4ffbc572f6a018818f6d49cf6
example/earth science/book 5/6-1地球的構造與板塊運動/困難/d6-1h-解析卷簡.docx,19338,9354a945a21e92fe32ff292d9b452140dd3646534d81ef43f1ba3fd2313ffe9e
example/earth science/book 5/6-1地球的構造與板塊運動/困難/d6-1h-題目卷.docx,391597,5c024c174f1f6227987d560e9e4cee8da744cc81a0c940bb84ab3893fb81e39d
example/earth science/book 5/6-1地球的構造與板塊運動/簡單/d6-1e-解析卷簡.docx,25968,9b5ef3615976663f5871d58f973246b7395afd3aadb7458ef8588c7a8380ceb1
example/earth science/book 5/6-1地球的構造與板塊運動/簡單/d6-1e-題目卷.docx,226610,6721708138b7a66752f506fdf95d23f607b7b77a194c5915aef911bd4927181f
example/earth science/book 5/6-2板塊運動與內營力的影響/中等/d6-2m-解析卷簡.docx,56473,7b61b28f92590577626181b8fa7769dd5668bdc4331e257426ebb478d0c9e110
example/earth science/book 5/6-2板塊運動與內營力的影響/中等/d6-2m-題目卷.docx,2492304,32133a7f02b8b01102ea75e7e9820cb2e88858d06a5e05161ffee64f8c47039a
example/earth science/book 5/6-2板塊運動與內營力的影響/困難/d6-2h-解析卷簡.docx,30920,95dde847bf4bbbaef3f096c64e7bd872a743aede5658b0f0a9941bdb9375ebba
example/earth science/book 5/6-2板塊運動與內營力的影響/困難/d6-2h-題目卷.docx,352855,37b90b7585b26ae0954d539597c95f38186835bfda88d61cb1c814db844dc089
example/earth science/book 5/6-2板塊運動與內營力的影響/簡單/d6-2e-解析卷簡.docx,30550,0bf759b6e1bbdab85eb3b66b166160ed1b9928d735d9572522d93cd11a1eba3c
example/earth science/book 5/6-2板塊運動與內營力的影響/簡單/d6-2e-題目卷.docx,769010,a9f8cc62399e96cb95e836e85f3621f2fc7e85909263dccf131c0d9b48e5bc9d
example/earth science/book 5/6-3岩層的紀錄/中等/d6-3m-解析卷簡.docx,38831,d2f9d30e4cece4a9d2ea2ff8edb8929a253d74a39980184395a70370f058489e
example/earth science/book 5/6-3岩層的紀錄/中等/d6-3m-題目卷.docx,2091663,a27bc14952ba1ea483f8619a82c21da1658ab0eabcaae4242cdbdfa715374127
example/earth science/book 5/6-3岩層的紀錄/困難/d6-3h-解析卷簡.docx,18880,902b6c9c8afc68054cb5d111cb72ee84563c49a754772230d2b372870c185998
example/earth science/book 5/6-3岩層的紀錄/困難/d6-3h-題目卷.docx,402192,9fc08e7c10f82664ae8168a694de808859b21995c7e5be3b0a812e50590a9720
example/earth science/book 5/6-3岩層的紀錄/簡單/d6-3e-解析卷簡.docx,53200,acf0ce5829cedffaec6651f10ab44805429a10b14bec0fb62f776216612d57f7
example/earth science/book 5/6-3岩層的紀錄/簡單/d6-3e-題目卷.docx,625718,aaf0fc47c94f07c5c5f856cc3deaed098f3d63bdf880b2ec6ee206115850c6b7
example/earth science/book 5/7-1宇宙與太陽系/中等/d7-1m-解析卷簡.docx,52870,d75421cd622a16de36b0c9bfd56b7c905b420c87decd57713288bbf2298410bd
example/earth science/book 5/7-1宇宙與太陽系/中等/d7-1m-題目卷.docx,598953,88334f391bfecaeb652e79e30be0f97c7610a7be0759e9f975e746fc8c67b3d2
example/earth science/book 5/7-1宇宙與太陽系/困難/d7-1h-解析卷簡.docx,19740,f9ddfc8646673422bff1efe4ae7d1f416380bd3b71a385a8cd7e08a441ffb846
example/earth science/book 5/7-1宇宙與太陽系/困難/d7-1h-題目卷.docx,210435,c55e01c382a7e6a2cd7b50f1db42a6e8d521ab0f9f1d0aa7e56208831bbde6f8
example/earth science/book 5/7-1宇宙與太陽系/簡單/d7-1e-解析卷簡.docx,29331,736427988a6e5c55b692a18a49edb5ab2700a0a43b7b93274a4dad5404db926b
example/earth science/book 5/7-1宇宙與太陽系/簡單/d7-1e-題目卷.docx,153919,d3779d381505be66cc082905d0a812ca74622b59475ce1aa9d6b340efbd8b759
example/earth science/book 5/7-2晝夜與四季/中等/d7-2m-解析卷簡.docx,102548,b08ae0451fc0a0afdd7ee389e9ff2446b3e2051a1176707da45d245218a9398f
example/earth science/book 5/7-2晝夜與四季/中等/d7-2m-題目卷.docx,1717029,51b964a824fe5835c93814451897a19f19b478b9c6cbe2a88843bb5b76009d81
example/earth science/book 5/7-2晝夜與四季/困難/d7-2h-解析卷簡.docx,21000,2aa0a64c012204435e4813a6afad1c9e916ef5e3e26ccf9587513815789a45e4
example/earth science/book 5/7-2晝夜與四季/困難/d7-2h-題目卷.docx,288231,7285952ced3d33cfdec435612965ce46b43135d8d477908637f030e59cdbddae
example/earth science/book 5/7-2晝夜與四季/簡單/d7-2e-解析卷簡.docx,22372,d43a421500bfab5414d2964a172abbed4e6ebea39eeb560c55fbeade52d3c952
example/earth science/book 5/7-2晝夜與四季/簡單/d7-2e-題目卷.docx,153818,f8e901e9ba9d3df2026b88ecbd81699e37ce50a3e0696f140045d6cebe056988
example/earth science/book 5/7-3日地月的相對運動/中等/d7-3m-解析卷簡.docx,523196,700398e5994b6d87906d204089fee8b01176a64822093b05f3cef473fced6e55
example/earth science/book 5/7-3日地月的相對運動/中等/d7-3m-題目卷.docx,7736425,03ef09d73ce77cc936aa450c22c15cfe6b69266656a8dc645ab3545c8d33ba10
example/earth science/book 5/7-3日地月的相對運動/困難/d7-3h-解析卷簡.docx,97723,ecc784c59167d99085f1fd88b096a7b057891af46b48b9ff695b815aa491e2c7
example/earth science/book 5/7-3日地月的相對運動/困難/d7-3h-題目卷.docx,918003,eb0fa30d80e45d9a95bc6b234aebea214a6257eb58647c05800b23869606ee2f
example/earth science/book 5/7-3日地月的相對運動/困難/~$-3h-題目卷.docx,162,573d715cbcc4ea9b32d098e768581d8df74d4293af1a5d12b93e302cbc8d1ce4
example/earth science/book 5/7-3日地月的相對運動/簡單/d7-3e-解析卷簡.docx,168077,86983bbd3f60a94c055c05341f92c16c963835455ff4344a3e9dae0671b8d2aa
example/earth science/book 5/7-3日地月的相對運動/簡單/d7-3e-題目卷.docx,218932,7523f1d213f72eb4dbe100bab36cbee05ab3dd35d46ddfa4f5d0a53f5c335e84
example/earth science/book 6/3-1地球的大氣/中等/d3-1m-解析卷簡.docx,35461,e859450a82f77284f3ca92dd7e6f553e84c2a96f74f37a8d7c258fcfea8ac219
example/earth science/book 6/3-1地球的大氣/中等/d3-1m-題目卷.docx,1128597,24a58534631df19d6c0841598183f06ff7280583c1bd0277fbc141f3f65d8574
example/earth science/book 6/3-1地球的大氣/困難/d3-1h-解析卷簡.docx,18359,a38357a90537d9f457255728b1d79eb8130568dbb456f597cdec189083d28b54
example/earth science/book 6/3-1地球的大氣/困難/d3-1h-題目卷.docx,40633,c17a8243eaf111894bbb3281b7b17d63d4f366b02a0ed2940850173d89326bff
example/earth science/book 6/3-1地球的大氣/簡單/d3-1e-解析卷簡.docx,29741,4b4a5fbf3921dfb0ff6cf7862b1dd034d084810aaa313bab1d7e20b0ab859e21
example/earth science/book 6/3-1地球的大氣/簡單/d3-1e-題目卷.docx,250982,0adc8b26c8df0defa0158dff8580bd6105951ae9f2214b5620f073f3dcf2b346
example/earth science/book 6/3-2天氣現象/中等/d3-2m-解析卷簡.docx,53220,55c01e132e740cc68ed68df24b9d9374c8c3453d731b77ef84ffafbe8a3eb961
example/earth science/book 6/3-2天氣現象/中等/d3-2m-題目卷.docx,2530897,7abe7c51c046839e62accf78298728ab5003a0833ce929d8fa10f4be349d5970
example/earth science/book 6/3-2天氣現象/困難/d3-2h-解析卷簡.docx,27594,87063aa94d6479a0790b9f064930f1778231c449c531f2dc0d0ff71ce243f7e3
example/earth science/book 6/3-2天氣現象/困難/d3-2h-題目卷.docx,301030,4ac008c8a9b8513e5546c5584ad907e27bb223f89d857fa298ae8028f034b8c2
example/earth science/book 6/3-2天氣現象/簡單/d3-2e-解析卷簡.docx,41117,9149c754c4ecb7cd0d86965a3a56fac66b548a70f0b473c13f8189532f5fc5b4
example/earth science/book 6/3-2天氣現象/簡單/d3-2e-題目卷.docx,683832,42956cdad59bb6a3b51912bb64b53d197cee4df70bcc4c4b610e439554d1d150
example/earth science/book 6/3-3氣團與鋒面/中等/d3-3m-解析卷簡.docx,41108,c8fed4433e54ab56604a31b4309af418d2191568ca543f6fe97ed7ada624d98e
example/earth science/book 6/3-3氣團與鋒面/中等/d3-3m-題目卷.docx,2368578,5649212e1f7d7e19beabc97dac01ef1b716b3b40fa0ba0ed26c286d1ee9071a2
example/earth science/book 6/3-3氣團與鋒面/困難/d3-3h-解析卷簡.docx,20274,e9067708a7267896b383595fa869b054fdb88d8343f986565ffdd971cbf83766
example/earth science/book 6/3-3氣團與鋒面/困難/d3-3h-題目卷.docx,163971,089cdf7fa3884a8f3e456ffd50c9a439550d07356b4819a193002b6b9ad24fb4
example/earth science/book 6/3-3氣團與鋒面/簡單/d3-3e-解析卷簡.docx,28190,68b6757f563f1021fd63a7ccef778ce712a1f96975338b0f8b11fa2941bbe2d5
example/earth science/book 6/3-3氣團與鋒面/簡單/d3-3e-題目卷.docx,865460,c37ec906621ba8b76eab5fbf94b932cf3afbc8ff0fcfcb3a85b1cca5591a6d6d
example/earth science/book 6/3-4台灣的災變天氣/中等/d3-4m-解析卷簡.docx,82030,061c43ce8c1891172957ac42bd7d660bbed3d390f29012e3c81aae5c8fccb71a
example/earth science/book 6/3-4台灣的災變天氣/中等/d3-4m-題目卷.docx,4055934,46c2196dbd35ba6dc3273f6a420a8d16dd8c329ca3ee1fb28a9988ad8fe8e730
example/earth science/book 6/3-4台灣的災變天氣/困難/d3-4h-解析卷簡.docx,20410,768eb73a1058b0796a220307f946b6d3d81e27d5d26ec2d03e5636568a511524
example/earth science/book 6/3-4台灣的災變天氣/困難/d3-4h-題目卷.docx,491663,bc55e585a715bdda8b1226a09a118301a619dff0949a614c4b24cd92cc54f5a3
example/earth science/book 6/3-4台灣的災變天氣/簡單/d3-4e-解析卷簡.docx,34670,22f552397feba0cb8da2581e53e46b702358ba0c84585aff888fe8774e52818c
example/earth science/book 6/3-4台灣的災變天氣/簡單/d3-4e-題目卷.docx,1148450,b2a591734bf0b9ab1ce061b5ea6758d0ec55fceea38189d9495b23a147b51891
example/earth science/book 6/4-1海洋與大氣的互動/中等/d4-1m-解析卷簡.docx,30677,b1876050f0bc5c2b98760cc112fba05d6a08be6a2dea7167c055b808251be0ff
example/earth science/book 6/4-1海洋與大氣的互動/中等/d4-1m-題目卷.docx,1364010,30a2e18ddd38a2dcf25457ca9ccd44ff88a3476a954ac5d58d7c534248a50c25
example/earth science/book 6/4-1海洋與大氣的互動/困難/d4-1h-解析卷簡.docx,17475,ae899ac3ae6ab520373d25c2708c757b20f4952cd12d815964700969b6fd0383
example/earth science/book 6/4-1海洋與大氣的互動/困難/d4-1h-題目卷.docx,38130,6389fd1e61795881c52ad87be692a253b0c0a5e82ce8ad31372f18db6b66ec37
example/earth science/book 6/4-1海洋與大氣的互動/簡單/d4-1e-解析卷簡.docx,24170,c05cf5a9afcc8bb25fe773e23cb5c11aa99fa83a2523346c976ce77b58c60a0e
example/earth science/book 6/4-1海洋與大氣的互動/簡單/d4-1e-題目卷.docx,531599,1414e4a117d15ff2fad368caafca4af1980f2e8b7ec1da3f7a371a2c7c73ffc9
example/earth science/book 6/4-2全球變遷/中等/d4-2m-解析卷簡.docx,84080,ae75544e95e9179ba3caea517599637d122ac69902c58ce02a26076b5a5a7ea0
example/earth science/book 6/4-2全球變遷/中等/d4-2m-題目卷.docx,488201,7b52efdaa72c97a7e7deef24e194e46c91790749bc641250202b43ff1606e607
example/earth science/book 6/4-2全球變遷/困難/d4-2h-解析卷簡.docx,18187,9d6ed383249ffd95c144ae637cb2920c58600815e0bfb97b2ff78b6bd6e3c763
example/earth science/book 6/4-2全球變遷/困難/d4-2h-題目卷.docx,65387,d3781f40fb694de97b86b5c31d1f1ee777fd268d955ba41f5a4fdd1bc0335203
example/earth science/book 6/4-2全球變遷/簡單/d4-2e-解析卷簡.docx,29846,700c43a39853f1d41955850ad6ef965c977d44fb61acaeeda9286e2c47dc3e1b
example/earth science/book 6/4-2全球變遷/簡單/d4-2e-題目卷.docx,227833,43d83dfb20283f1748c0ea522c4af88c1e7d3e8694ff1c8d1e1a156c9ddd5339
example/earth science/book 6/4-3人與自然的互動/中等/d4-3m-解析卷簡.docx,25873,82bbabe3b38f91e7545470fdb00e89b5635470d2d473cabd9576a1fa76409aa0
example/earth science/book 6/4-3人與自然的互動/中等/d4-3m-題目卷.docx,1042254,8731e27d68515eea3ab23e55bf3ba44d1de324b0a88b10fbb3efbe01a2560a70
example/earth science/book 6/4-3人與自然的互動/困難/d4-3h-解析卷簡.docx,18242,0aa40b0fee96fd3443c399bae0477b20a571c0b331371611abf5e7ef2e403ee0
example/earth science/book 6/4-3人與自然的互動/困難/d4-3h-題目卷.docx,95545,2d27bc468eb3630aa51d98d7d637b51e200d8111b41b2d035cb607222c27d483
example/earth science/book 6/4-3人與自然的互動/簡單/d4-3e-解析卷簡.docx,34295,9f0f9bfe9d4cd4548419d7e7b34ad3d9ead54fe644393dc1e42902a2d7ccbb9c
example/earth science/book 6/4-3人與自然的互動/簡單/d4-3e-題目卷.docx,1143940,fc0b3ab98bfacd3a9a8df0d1d718dd8b5d8ff2504e466a649a189a2dcc1b75e9
example/歷屆試題/100年基測試題 自然一 答案.pdf,1599902,286816dde11f5a5bdba1d4f852c7e4635054c50bc8a2035756213ed4b404fbb9
example/歷屆試題/100年基測試題 自然一.pdf,3940987,9edbccf81bd19541ae5b41a1e400d86f2545859669ddea4ac81077f0118943ea
example/歷屆試題/100年基測試題 自然二 答案.pdf,2340591,828b84b0277cd1ab5bc4e6d29cfab17fb38319990e06f685378e69e574204578
example/歷屆試題/100年基測試題 自然二.pdf,3368154,56df3652f0321dcbf060ccecc6ed932805e1d60b537613fdb25f47b5e6950603
example/歷屆試題/101年基測試題 自然 答案.pdf,106248,5f6bee98efc04ae11daf8cda5102d23c8c39ffd01a17f2074576261ac5bd8dbc
example/歷屆試題/101年基測試題 自然.pdf,4249439,bb44bff1104ea70c3707f97b22053312177520732adc7634812d46a0628dd69e
example/歷屆試題/102年基測試題 自然 答案.pdf,736788,9d40e75b2070014320520a05e7d5691eeee55ce3f47e16a3c027026ee2f69587
example/歷屆試題/102年基測試題 自然.pdf,3518421,6b64718f180c8da38e9e390249a21661d07d7d8ec9c3c32630c84204f6d9ab5f
example/歷屆試題/103年會考試題 自然 答案.pdf,1587870,8545a4df10931d0c6fb5f712c01abb5849facdc9b75fdd8c228d53691c7cb08e
example/歷屆試題/103年會考試題 自然.pdf,3754910,9c4c6f8ae2467b984f3ddf52dc6157e45fc50c47acf80387f2fbba8490dad477
example/歷屆試題/104年會考試題 自然 答案.pdf,78406,6c74b68c9e333a168f95f78233d6ab4069d98dcf1c63ed4371105393fdad3a74
example/歷屆試題/104年會考試題 自然.pdf,4462120,12fa87dcc3ab988f61c8cf95c19c7a18f41839ec8ebab1051ea9b3aff7f1a271
example/歷屆試題/105年會考試題 自然 答案.pdf,116038,1e7070d32a9cfcd70be548f1b96637507e3dda8ca067719b86d0127099578850
example/歷屆試題/105年會考試題 自然.pdf,3573672,a3dedda455f4978776cafa281024a06b6b8ab7a18cddf0491559ebaef68c955e
example/歷屆試題/106年會考試題 自然 答案.pdf,116004,4cc7137514a6603e66c9ce1ef83f20df47f5f742b414dc39a161c569553348e7
example/歷屆試題/106年會考試題 自然.pdf,3602508,f062cf8fb647fc32d19e66843c3aa4fec682b28596b571b517ca8238409b4e6a
example/歷屆試題/107年會考試題 自然 答案.pdf,115995,7e52a46440de79e61bd7f6c82415af09c0a079c031f7127ce983087e5e5fbfbc
example/歷屆試題/107年會考試題 自然.pdf,4684927,7ae9d98bb84abf1f1bddce848f6bcc27abefcbb7deec0880feda75431f207e87
example/歷屆試題/108年會考試題 自然 答案.pdf,86155,0d4ea5177107174e83ee9f867f8378d216dac6946f54452b386873edd9c321f1
example/歷屆試題/108年會考試題 自然.pdf,3352192,50b060bf2c25e2cc2b885816eaf484fae73ab0b11028df9eabb60e756c9ee7b5
example/歷屆試題/109年會考試題 自然 答案.pdf,169782,574b9d48309df53a14e0d7b8fa8fc5793964c7d16cfc8e4892b64bd84aca325f
example/歷屆試題/109年會考試題 自然.pdf,3941654,5f8a385125a843c03ccc4d09ca565b43a79bc41fdb5abf2dbfda97358ef9a59a
example/歷屆試題/110年會考試題 自然 答案.pdf,174153,c07b05b859464bfa9c27569c8a13f1a057e8e987b81f0fe0b1458072f31316c5
example/歷屆試題/110年會考試題 自然.pdf,2852071,47b3abe7c2d90e7237a2ed8c2c6144928c462ed98f047392ae93b6930007d2ce
example/歷屆試題/111年會考試題 自然 答案.pdf,164892,37cc7270caaa0173522933c36217a24ed59cc389563d7f27bd360dbad0b62bee
example/歷屆試題/111年會考試題 自然.pdf,4771478,95b049363641f811497a0437018abab0b02566c3b3f41b66eb5d1d22d05dfe2e
example/歷屆試題/112年會考試題 自然 答案.pdf,167470,afd9c0ec0c727b941422e79ef31d371f4000bfd87e315e97d89f8f4bb154d8e9
example/歷屆試題/112年會考試題 自然.pdf,5042300,b967fb7fa6e41c3e2ad5fcddcd10fadf5942f67bba8156c86058022ca5f5bce6
example/歷屆試題/113年會考試題 自然 答案.pdf,167734,cfe0cfdfddc9b56be2dead3f6380e6f9af9c9b8eea04db549a0d42c2d9f0367d
example/歷屆試題/113年會考試題 自然.pdf,5831478,ba16d7042b7c509044b007bf17ac9de860a89ed2ce897587bf8467400a099d5f
example/歷屆試題/114年會考試題 自然 答案.pdf,228332,62dbd6a3156bcb5fe7215b675ed432e1606463b0ea508469eb2b46d67c1c4afc
example/歷屆試題/114年會考試題 自然.pdf,4908034,beb483b619deed702ffd8cd3320bd3a32e9921a168315ff6e14583790eb7bdb9
example/歷屆試題/115年會考試題 自然 答案.pdf,219228,6dd44a7296eefd6c5cadabe33af6f35561f9e6f10b6ef8085cb36e3d4da40ce7
example/歷屆試題/115年會考試題 自然.pdf,4516167,d6a4d8ad98fb7dd5bafd8a69741d0c9d8b80a80a240becf96300bcdfc4dd96f6
example/歷屆試題/96年基測試題 自然一 答案.pdf,1404276,de8f8d305c94b64ae7750a912689eb28758561bd4e30a7ac67367aaedc3d9f4c
example/歷屆試題/96年基測試題 自然一.pdf,3844483,710264b128ae5d96ae38bd6634096758d5dfafe8320bd1e344cbfb20db45c105
example/歷屆試題/96年基測試題 自然二 答案.pdf,381381,7b8eb53fe8df27b2164201f2e2c8f6d46322f830a9055ddccbf95a2728142478
example/歷屆試題/96年基測試題 自然二.pdf,2751529,bd93cb3c3de81498d1d2375ace45b2ecf16da57dc19c82b13a9be3e2966634c5
example/歷屆試題/97年基測試題 自然一 答案.pdf,1976255,51b9863a8dbfbb70a5bf59a415738901103953a3b28b248b496768827310784f
example/歷屆試題/97年基測試題 自然一.pdf,4263677,b822566b4506968e72b1efd820873ee6dd493de451ee02059e19ecc101b90ce3
example/歷屆試題/97年基測試題 自然二 答案.pdf,951533,ef6badc04e10fc56b633d7c74e7c344c5f4c4cea83f34b7364956f434b63e956
example/歷屆試題/97年基測試題 自然二.pdf,7642737,163cf8a7e0c792eb7d2e2c3187003bf3c751df682d7d257547473570211e114b
example/歷屆試題/98年基測試題 自然一 答案.pdf,89551,25095839fdc2259761b3021e54b874d662f61566fbd19b1e4c3754a402226228
example/歷屆試題/98年基測試題 自然一.pdf,10239277,848f9460e7a79361932b0950b0b9baa3103cd15149f3153ca6ac2a48c257f542
example/歷屆試題/98年基測試題 自然二 答案.pdf,107548,1b01a89266c30796769df218a24dd7a72feadb336562c887ce310b042a38713a
example/歷屆試題/98年基測試題 自然二.pdf,2501162,c15a9c81634fca80f1b7931f2d9a75e4acaacde9a008f822faa4a6e62a5bdd0c
example/歷屆試題/99年基測試題 自然一 答案.pdf,254779,0fd0073dbf0ddb77573059f4dbda16390bcfa4d4a5b58573fe269dfc9f011dec
example/歷屆試題/99年基測試題 自然一.pdf,3179439,880b45ec02efbe25b4768d0e1db3ebc424fac60a37244ebfc0778f46325385f4
example/歷屆試題/99年基測試題 自然二 答案.pdf,279994,ba9be7d6467e89b700abf1f4d679163ca22966b2306bfb040c1626657b844cbf
example/歷屆試題/99年基測試題 自然二.pdf,3129082,80061af6971db4cbe43976aa014a42002a27c3a9998126da7645467af40ee973
國中自然科素養題重製計畫書.docx,100475,09c78fc11388313731183c2ff7afc710f1a3bbe0dcf51377d5f59ed7b123d043
國中自然科素養題重製計畫書.md,62254,805a92f0968ca2427267cbf85610ab0d646e9b055fd3b96eb6b0dfd9b149c97f
國中自然科素養題重製計畫書.pdf,1187106,52148b70b5ab269012adee2dae9b6f2429b6f7d2103ee8e39bb37dda179ff6f9
樣張/d3-3m-解析卷簡（樣張）.docx,17529,e9b070e93dbbbf214663f5f75be13e1c25812c5d8a5d788f5bd73a30956aef96
樣張/d3-3m-解析卷簡（樣張）.pdf,119595,327eb192ed0de87d1b286ad58e6e3c2ec9b63fc31523caa06dfd7f704f29438f
樣張/d3-3m-題目卷（樣張）.docx,175608,aa86d009420bcc0dde4491dd27dee519741ae01b3c0bed8ad826a77c81c657b3
樣張/d3-3m-題目卷（樣張）.pdf,219048,55181063019f700517135457923fa2a3dc43b495a1203797062ff45c83b85b30
樣張_新規格/d3-3m-解析卷簡.docx,27924,8478b0639f979c5e9b65c66241dce27c9d28e931a3e247d53b879eb62f68c255
樣張_新規格/d3-3m-解析卷簡.pdf,245331,0ace75924439aa29c029d383615761aa4cbcf5d5c1a4c03bc5bec09a5d3786eb
樣張_新規格/d3-3m-題目卷.docx,748532,3cd4950af34d82740b48cad9e5cbc2ddb128e73a013de822dec88927486b1d0a
樣張_新規格/d3-3m-題目卷.pdf,464891,d3c6190e55c1455b577f6dacf28b643d625240bd554de7f52b575d7c55676f56
樣張_新規格/work/a.html,12276,1ebda4a5aee692597293cbe94d12665f9580661eaf6f6693ada574d669827d76
樣張_新規格/work/fig1.svg,2535,afcf4e9232bedddcf5f63c99cc8c1cf457057be7f4a2b1043aa882cd5975ad6d
樣張_新規格/work/fig10.svg,3930,5c24b3ba9e06b41f1a7e823308050706d46f64dc4fa13610d8b476c12cb7fe63
樣張_新規格/work/fig11.svg,3455,68c344d590498640fe7a7f6cbb06dd51632173b64dbae10e4689b05e5b6e42e0
樣張_新規格/work/fig12.svg,3200,7c5ade77f9e6e30a99465cffa402e8d0e7539282a95ee8a4bb36f8c07785fdf5
樣張_新規格/work/fig13.svg,2061,a401e965d6fbc9009f02e2f8816afe38a19f255580681b281b47d6bc15b1d554
樣張_新規格/work/fig14.svg,1616,15e6e206084373325f80e7cfcb8a0f85b46ae7f914425fc7ffd85a713053e3f7
樣張_新規格/work/fig2.svg,3155,9f6719adc92f3490e309004cd0c7c29221aa64864e3756f8f03cd3e8f9190738
樣張_新規格/work/fig3.svg,3318,03852c404d692f1fac6e2728ed24960a9abda38d9450d3930ba032a5ce939f1f
樣張_新規格/work/fig4.svg,3220,19cc9f12e03be82250eb8d654207efd7867a2a914d1548677619d2f308140c58
樣張_新規格/work/fig5.svg,4098,e769edad9e7b7ea3c0149658fcbb4f75c2520302b7439c8e4607d5068731884d
樣張_新規格/work/fig6.svg,7575,2b1605cfaf70acf987d2a40932647b724bb0bbe207fb22d1875e5b33fef64b22
樣張_新規格/work/fig7.svg,2984,f01c018d7bdafe7065310673b51fd636b508973f7fc24fc1920f3aa3049f41f9
樣張_新規格/work/fig8.svg,2216,b6a9ede85144ab32a155199cb0a347ccb23d980a51bb6894a7bb125b8522b092
樣張_新規格/work/fig9.svg,2917,a663d43c03ce1de7996dd9c4e5c7caf5800f1e6c73e826f033932728d3b10db5
樣張_新規格/work/genfig.js,24867,fe24ce837b772cb4c91160bf765015e0d07d3c878bd876eb4cf95e3233901ba2
樣張_新規格/work/q.html,26273,093fe4a74ef551d412894e470361c367399266c30b28411d9281d5f477f679c5
